2026-03-24T14:55:13Z	0.7087	2166.5	160.19	6/6	constraint | prop=full | order=ascending | mrv=on | max=50000
2026-03-24T14:55:28Z	0.7107	314.0	19.33	6/6	backtracking | prop=3 | order=descending | mrv=off | max=50000
2026-03-24T14:55:33Z	0.7134	2339.8	191.53	6/6	heuristic | prop=3 | order=random | mrv=on | max=50000
2026-03-24T14:55:45Z	0.7164	1208.7	99.56	6/6	heuristic | prop=3 | order=descending | mrv=on | max=50000
2026-03-24T14:55:57Z	0.7178	3145.0	285.37	6/6	constraint | prop=full | order=random | mrv=on | max=50000
2026-03-24T14:56:04Z	0.7205	1187.8	110.94	6/6	heuristic | prop=full | order=descending | mrv=on | max=50000
2026-03-24T14:56:20Z	0.7224	1188.7	99.75	6/6	heuristic | prop=5 | order=descending | mrv=on | max=50000
2026-03-24T17:11:29Z	0.7226	1188.7	99.76	6/6	heuristic | prop=5 | order=descending | mrv=off | max=50000
2026-03-24T17:13:49Z	0.7228	1188.7	100.62	6/6	heuristic | prop=5 | order=descending | mrv=on | max=50000
2026-03-24T17:17:34Z	0.7265	2280.5	214.50	6/6	constraint | prop=full | order=random | mrv=on | max=50000
2026-03-24T17:45:07Z	0.7297	2782.0	240.30	6/6	constraint | prop=full | order=random | mrv=on | max=50000
2026-03-24T17:49:30Z	0.7324	2356.2	178.03	6/6	heuristic | prop=full | order=random | mrv=on | max=50000
2026-03-24T17:50:58Z	0.7342	632.8	50.27	6/6	heuristic | prop=full | order=random | mrv=off | max=50000
2026-03-24T17:56:03Z	0.7360	2357.0	181.32	6/6	heuristic | prop=full | order=random | mrv=on | max=50000
